tiempo,posicion,velocidad
-2.0,-2.2381817284996988,3.9447583038228453
-1.995995995995996,-1.8139608319789842,4.271695909005814
-1.991991991991992,-2.024362772945404,4.052552589876978
-1.987987987987988,-1.8287287451689092,3.9390944144927094
-1.983983983983984,-2.135186443067716,3.7549736648880043
-1.97997997997998,-1.8381056075660807,4.1834513536226545
-1.975975975975976,-1.6393662039231562,3.8363923780695854
-1.971971971971972,-1.806813922291245,4.356352308585632
-1.967967967967968,-1.6959306751523233,4.188986199132049
-1.9639639639639639,-2.4863484376192133,3.680586998855355
-1.95995995995996,-1.678033586336432,3.74584681818922
-1.955955955955956,-1.5260019221986025,3.844265801043924
-1.951951951951952,-2.020953809071365,3.6862635080743074
-1.947947947947948,-1.469757949220357,3.6957050164503777
-1.9439439439439439,-2.0474305789662925,3.913208794620235
-1.93993993993994,-1.7465825333060918,4.131310164728077
-1.935935935935936,-1.879836385289799,3.8921451037725703
-1.931931931931932,-1.8423757357092891,3.9275771019864494
-1.927927927927928,-1.853321225035803,3.718088633428949
-1.9239239239239239,-2.052220529325277,3.6831773714958187
-1.91991991991992,-2.185814694710807,3.951758614752751
-1.915915915915916,-2.2277476789940183,3.7486245734892205
-1.911911911911912,-1.8736361776493218,3.95178604543307
-1.907907907907908,-1.8582958918892745,3.6529716112288786
-1.9039039039039038,-1.7409921648410418,3.731861514319582
-1.8998998998999,-1.7137706844529677,3.6557546426491614
-1.8958958958958958,-1.9809745591335446,3.7679593327983123
-1.8918918918918919,-2.1658425794518195,3.7986465505109286
-1.887887887887888,-2.0991638401987274,3.522188446951908
-1.8838838838838838,-1.971690574488928,3.384539397189849
-1.87987987987988,-1.8515932041364909,3.9039467479261236
-1.8758758758758758,-1.6172175816832697,3.535392560321506
-1.8718718718718719,-1.8086637371098055,3.3841578401902037
-1.867867867867868,-2.0942499985471383,3.59860276085498
-1.8638638638638638,-1.5919976091201522,3.4094139546324795
-1.85985985985986,-1.8126920628279317,3.3599792831901993
-1.8558558558558558,-2.1883626095520605,3.26187877613008
-1.8518518518518519,-1.5107835055307568,3.29952475541265
-1.8478478478478477,-2.2017218322817023,3.2403522963213787
-1.8438438438438438,-1.8339906429710655,3.1247325628504012
-1.83983983983984,-1.75047130962035,3.388754759043548
-1.8358358358358358,-2.044499709686998,3.422459004449616
-1.8318318318318318,-1.7120000309291912,3.9233364254688805
-1.8278278278278277,-1.6316284881087308,3.49561960800281
-1.8238238238238238,-1.7169230940676383,3.1895061437216334
-1.8198198198198199,-1.4316779061231295,3.476868124779686
-1.8158158158158157,-1.9657398656895915,3.2977334821133146
-1.8118118118118118,-1.9044199443947936,3.1993605797250573
-1.8078078078078077,-1.5767648519139055,3.3188940626947794
-1.8038038038038038,-1.6961565777307603,3.266954042838465
-1.7997997997997999,-2.0491990683452155,2.866514867758147
-1.7957957957957957,-1.3430523565858474,3.3008153920001995
-1.7917917917917918,-1.9637693197591113,3.4632217874356406
-1.7877877877877877,-1.9945036145975072,3.3889404281949256
-1.7837837837837838,-2.041579367007052,3.352580827729522
-1.7797797797797799,-1.7576410501855655,2.8741918576556933
-1.7757757757757757,-1.8198421347822697,3.1635149722810603
-1.7717717717717718,-2.1931260539916564,3.290372652654721
-1.7677677677677677,-1.7306128814168664,3.1797172749423654
-1.7637637637637638,-1.900386577286448,3.541382620662855
-1.7597597597597598,-1.2295268433248632,3.316155935864957
-1.7557557557557557,-1.8861420607979449,3.0342326777126685
-1.7517517517517518,-1.6291122458275578,3.334321840316026
-1.7477477477477477,-1.7054371800679486,3.1074223432262755
-1.7437437437437437,-1.8195159308366116,3.0354580765442827
-1.7397397397397398,-1.8230597783424676,3.0865921835952275
-1.7357357357357357,-1.9334732704557371,2.7405558081669406
-1.7317317317317318,-1.6292084119720234,2.8853571950496177
-1.7277277277277276,-1.5890191964952622,2.810399749447674
-1.7237237237237237,-1.5782570981638646,3.2079465226351265
-1.7197197197197198,-2.00978489682537,2.987769541616654
-1.7157157157157157,-1.686230867721568,3.289561185903498
-1.7117117117117118,-1.9760705325712873,2.8533639866227074
-1.7077077077077076,-1.6804524472287756,3.184078152670817
-1.7037037037037037,-1.827007704140064,3.0102808179998357
-1.6996996996996998,-1.2484523093518547,2.6238532293661807
-1.6956956956956957,-1.561959965292099,2.9309957875649313
-1.6916916916916918,-1.7137230995177148,2.8693811712036488
-1.6876876876876876,-1.5586959914672256,3.027603341370847
-1.6836836836836837,-1.2966866874864726,2.6537184850437603
-1.6796796796796798,-1.6745962966965209,2.7480648745684193
-1.6756756756756757,-1.904098817334109,2.849118775084385
-1.6716716716716717,-1.7263817842898745,2.7637752304508205
-1.6676676676676676,-1.7737830975309536,2.598261963647613
-1.6636636636636637,-1.2900005759581767,3.108297897487095
-1.6596596596596598,-1.5595073822206909,2.6299690781116856
-1.6556556556556556,-1.7100110645746103,2.6127449961152376
-1.6516516516516517,-1.8367625398787621,2.7148380494485926
-1.6476476476476476,-1.4173151105780428,2.928144572205524
-1.6436436436436437,-1.401833974958064,2.6392428010961186
-1.6396396396396398,-1.7148847674379084,2.7422614998101076
-1.6356356356356356,-1.7694799137556452,2.7458224637153137
-1.6316316316316315,-1.8459325109907698,2.369963618848435
-1.6276276276276276,-1.673916013437176,2.6161109264736533
-1.6236236236236237,-1.672302209047617,2.579123760761272
-1.6196196196196198,-1.8937974984801804,2.9314998261098135
-1.6156156156156156,-1.6062609088484603,2.5867791517565055
-1.6116116116116115,-1.432760622977488,2.459573948429534
-1.6076076076076076,-1.6386718169429126,2.5857148645801895
-1.6036036036036037,-1.4667271244972941,2.350954944937079
-1.5995995995995997,-1.259712851119217,2.2580197931715986
-1.5955955955955956,-1.8945086989842594,2.700276485698143
-1.5915915915915915,-1.6692867330522525,2.470471841262464
-1.5875875875875876,-1.369262782623525,2.5158123745621723
-1.5835835835835836,-1.4846256083337936,2.620124337717133
-1.5795795795795795,-1.4105916924674387,2.3606199003131505
-1.5755755755755756,-1.7800309699232557,2.754371690910454
-1.5715715715715715,-1.5597905066877922,2.0948761447154447
-1.5675675675675675,-1.6362151212178837,2.515518614934727
-1.5635635635635636,-1.6210498033740275,2.5313029242810625
-1.5595595595595595,-1.5182674842654085,2.658829785964058
-1.5555555555555556,-1.4532991570883547,2.4036175759058174
-1.5515515515515514,-1.3375463646033983,2.310915041627428
-1.5475475475475475,-1.6985052449706264,2.4039791154953503
-1.5435435435435436,-2.152509907045971,2.3855635323010906
-1.5395395395395395,-1.8658711371209675,2.173648953507797
-1.5355355355355356,-1.3556693571712701,2.329337492539243
-1.5315315315315314,-1.6479959617912086,2.3620480602911527
-1.5275275275275275,-1.3317982807491997,2.269568402187338
-1.5235235235235236,-1.187799789491595,2.4438200169671314
-1.5195195195195195,-1.6506195617454358,2.517254591335908
-1.5155155155155156,-1.2214009100381993,2.240160044222094
-1.5115115115115114,-1.3727323195613903,2.09221715357277
-1.5075075075075075,-1.5104273138367883,2.1631103676979766
-1.5035035035035036,-1.6836168597859693,1.8719026593792667
-1.4994994994994995,-1.2367629298317586,1.9804082447447273
-1.4954954954954955,-1.5130676319078038,2.4852202351734083
-1.4914914914914914,-1.254628615670237,2.0425285226934116
-1.4874874874874875,-1.4119604105769907,2.2863143693636068
-1.4834834834834836,-1.5377572390737368,2.433425631142376
-1.4794794794794794,-1.4868393788596215,2.0028769861605853
-1.4754754754754755,-1.687160188638076,1.9848205582846592
-1.4714714714714714,-1.4972740237991433,2.0545444151707977
-1.4674674674674675,-1.760814222752734,2.141505649384328
-1.4634634634634636,-1.2994619382124175,2.200457418299106
-1.4594594594594594,-1.494807032820789,2.1888570611232003
-1.4554554554554555,-1.6722868051965194,2.2771209328683453
-1.4514514514514514,-1.309659475147777,2.2384937930193654
-1.4474474474474475,-1.326729876204814,2.0942890536240473
-1.4434434434434436,-1.5574575851627739,2.0893583721183147
-1.4394394394394394,-1.5115748100496997,2.319641120933348
-1.4354354354354353,-1.8095710857018397,2.1574877497825007
-1.4314314314314314,-1.9249725158152002,2.047126106693121
-1.4274274274274275,-1.5535769230390228,1.986638784236458
-1.4234234234234235,-1.568511644244445,2.158187196553741
-1.4194194194194194,-1.1907099883415708,2.364472709372136
-1.4154154154154153,-1.5548513320272639,1.9922524322806598
-1.4114114114114114,-1.3436779370826841,1.7507908183146703
-1.4074074074074074,-1.5699693733563125,1.9753136029788871
-1.4034034034034035,-1.9968458008790995,2.046396540990563
-1.3993993993993994,-1.4833873705626477,2.1091974743733037
-1.3953953953953953,-1.3600480211766046,1.728403424574845
-1.3913913913913913,-1.1909635775863836,2.379131118423893
-1.3873873873873874,-1.3475417747553624,1.6318590685818617
-1.3833833833833835,-1.3115497055700371,2.1818221495690318
-1.3793793793793794,-1.1828857360364333,1.7494407287867981
-1.3753753753753752,-1.3363599438468579,1.9376641837181734
-1.3713713713713713,-1.4182438150282692,2.1765871308992857
-1.3673673673673674,-1.125480288561521,1.711541625699239
-1.3633633633633635,-1.3843674989255208,1.8438130540922886
-1.3593593593593594,-1.2700118950237487,1.6999231894222544
-1.3553553553553552,-1.6296807529954451,1.8581040227562962
-1.3513513513513513,-1.1864846726484846,1.6442274342000112
-1.3473473473473474,-1.0451150329453385,1.5065494221148565
-1.3433433433433435,-1.3840861935542053,1.7811276211890996
-1.3393393393393394,-1.4755652339791523,1.301851890730527
-1.3353353353353352,-1.166479397078972,1.7709535596442447
-1.3313313313313313,-1.5347835342359977,1.7937378182251036
-1.3273273273273274,-0.9533860504141495,1.6335496161216951
-1.3233233233233235,-1.2005439986119355,2.0096182731469767
-1.3193193193193193,-0.9885770989487324,1.6991127850441627
-1.3153153153153152,-1.2287202819464618,1.4598838034451205
-1.3113113113113113,-1.2077035315070745,1.9432059576841552
-1.3073073073073074,-1.1084835559870103,1.9647794295058505
-1.3033033033033035,-1.4736971954988387,2.106407009397656
-1.2992992992992993,-1.148395616276241,1.9709633257770764
-1.2952952952952952,-1.2720261680293186,1.795065147978049
-1.2912912912912913,-1.6045119335969003,1.9993998987007933
-1.2872872872872874,-1.5469559503311934,1.8204361658462702
-1.2832832832832834,-1.1184387356245258,1.5879466503966084
-1.2792792792792793,-1.355194548748708,1.8821755152523414
-1.2752752752752752,-1.7681894043135278,1.5715547528019775
-1.2712712712712713,-0.8812796293832941,1.517742573770863
-1.2672672672672673,-1.0482769449226477,1.7520338976680345
-1.2632632632632632,-1.1979953601573585,2.121420909551564
-1.2592592592592593,-1.2368133454276369,1.6742435505790425
-1.2552552552552552,-1.2347401403602825,1.3211566368525256
-1.2512512512512513,-1.3535887269086708,1.501726159587951
-1.2472472472472473,-1.4089620724865246,1.5302724370253642
-1.2432432432432432,-0.9734983309384202,1.5999220469956819
-1.2392392392392393,-1.0144686070169135,1.9466566827152192
-1.2352352352352352,-1.3091154439174186,1.5493284106059553
-1.2312312312312312,-1.3940873241542766,1.4796720247042285
-1.2272272272272273,-1.3477300608634302,1.37729759813369
-1.2232232232232232,-0.7500495401128702,2.020126380099145
-1.2192192192192193,-1.267338111316617,1.0951206829883753
-1.2152152152152151,-1.8053425990118976,1.4902630589665289
-1.2112112112112112,-1.2690059239799345,1.2420896924454872
-1.2072072072072073,-1.224730854132571,1.5537667673218434
-1.2032032032032032,-1.2944899953513647,1.4449653259333402
-1.1991991991991993,-1.5113895266075539,1.2251388144651858
-1.1951951951951951,-1.196608110751995,0.9377737184789132
-1.1911911911911912,-1.1487183843840152,1.175776554538414
-1.1871871871871873,-1.4578906292785379,1.5888278617852727
-1.1831831831831832,-1.1380176515077387,1.5228630054952152
-1.179179179179179,-1.140246531275956,1.323474149872621
-1.1751751751751751,-1.321288272031986,1.201356700344724
-1.1711711711711712,-1.0925994237329164,1.6092531516482644
-1.1671671671671673,-1.3844779076492806,1.4017401963191334
-1.1631631631631631,-0.9735255588198255,0.8034069058128069
-1.159159159159159,-1.2989902407597909,1.3472901267560837
-1.155155155155155,-1.2890092926154966,1.608600209921744
-1.1511511511511512,-1.500237119439897,1.4266342327285935
-1.1471471471471473,-1.1209423745856275,1.1649986585259668
-1.1431431431431431,-1.295060659836193,1.3492664805999357
-1.139139139139139,-1.420999133534454,1.339520868028762
-1.135135135135135,-1.2916527123122372,1.4301273847398248
-1.1311311311311312,-1.2026280457081668,1.3393811097406914
-1.1271271271271273,-0.9939147642256644,1.4432269327926446
-1.1231231231231231,-1.0232134408034654,1.2940931273263043
-1.119119119119119,-0.7530990914903166,1.624888192391058
-1.115115115115115,-1.1775948935892004,1.2423864998070955
-1.1111111111111112,-1.2131059047662551,0.7046474608548092
-1.1071071071071072,-1.0700897366274567,1.3202331108732026
-1.103103103103103,-1.0959413302631917,1.3691101452079921
-1.099099099099099,-1.109531344475089,0.9584708033278124
-1.095095095095095,-1.3861916129434846,1.2405876189547027
-1.0910910910910911,-1.130996471278407,1.419754678831206
-1.0870870870870872,-1.6088260134673606,0.7842401780665753
-1.083083083083083,-1.244065275183333,1.2138204015879308
-1.079079079079079,-1.1900897351380764,1.3668895502255902
-1.075075075075075,-0.8932739812854524,1.0807180057014698
-1.0710710710710711,-1.191718780335082,1.0666474220239155
-1.0670670670670672,-0.998363534107581,1.402496479071823
-1.063063063063063,-1.231366623442665,1.0103626127169174
-1.059059059059059,-1.0338127954059018,1.3469611487807762
-1.055055055055055,-0.7451595575390255,1.1568569504612543
-1.0510510510510511,-0.9979241344377249,1.2515838862552122
-1.0470470470470472,-1.1247307360830385,1.2502726829726338
-1.043043043043043,-1.187088344152245,1.2351632447832002
-1.039039039039039,-1.2507740224632966,0.47036335312490307
-1.035035035035035,-0.8953943602444185,1.0518066539187925
-1.031031031031031,-0.897585466428622,1.2347331283599083
-1.0270270270270272,-0.8533721451940857,0.805167125213787
-1.023023023023023,-1.3768881067267222,1.4701478565659056
-1.019019019019019,-0.864425489544809,0.8885391771345497
-1.015015015015015,-0.914334454927634,1.0621782484210598
-1.011011011011011,-1.0456674620926454,0.7203276212132252
-1.007007007007007,-1.2448993896072453,1.0530925490118488
-1.003003003003003,-0.9077998906635903,1.0319062926222042
-0.9989989989989989,-1.2503882046948722,1.019457633774633
-0.994994994994995,-0.8045881907677779,1.0041723861507474
-0.9909909909909911,-0.6970193761452887,0.8082779556238857
-0.986986986986987,-1.0818373102140477,0.893827353705031
-0.982982982982983,-1.2127564671757387,0.9801631185520295
-0.9789789789789789,-0.8383857315835608,1.0180251263122482
-0.974974974974975,-0.8654325509568925,1.217864359631431
-0.9709709709709711,-1.111211647521941,0.945228335588294
-0.9669669669669669,-0.7428481272427243,1.1195121602745075
-0.962962962962963,-0.9264353690268206,0.8411786814825017
-0.9589589589589589,-1.0012064471136188,1.1481747912824958
-0.954954954954955,-0.9770220520278304,0.9305457255456024
-0.9509509509509511,-1.0153136423650277,0.6920516899986349
-0.9469469469469469,-0.7708307367885012,0.8749766030320896
-0.942942942942943,-0.8879835533820944,0.8540285076121641
-0.9389389389389389,-0.7743542031872724,0.6998220440070726
-0.934934934934935,-1.423617313615195,0.9011904542328338
-0.930930930930931,-0.9909465754248975,0.7265528972115105
-0.9269269269269269,-0.7049164778147997,1.0082235470962684
-0.922922922922923,-0.7179420265124327,1.1987929143067555
-0.9189189189189189,-1.00272348785664,1.2772268136975802
-0.914914914914915,-0.8782544128150882,1.1644509899535311
-0.910910910910911,-0.7021719652275262,0.9646071986682825
-0.9069069069069069,-1.1709542002822904,0.7206299218558021
-0.902902902902903,-0.7692421119990879,0.9736499263630475
-0.8988988988988988,-0.8862144007828885,0.38897532881990493
-0.8948948948948949,-0.8088368964620792,0.889694241059302
-0.8908908908908908,-0.7113687663729314,0.5844550384346772
-0.8868868868868869,-0.8405563227817492,1.041740932459437
-0.882882882882883,-0.8870321223866994,0.8077461630905858
-0.8788788788788788,-0.9141940045727062,0.6996799490972182
-0.8748748748748749,-0.7200492481807155,0.38747073658194836
-0.8708708708708708,-0.831198994803823,0.6366125329053074
-0.8668668668668669,-0.5740523283029448,0.9298474296553888
-0.862862862862863,-0.9928223926746214,0.2717858892724371
-0.8588588588588588,-1.1366509325881151,0.7151674870257245
-0.8548548548548549,-0.9482098462886529,0.9259788175166056
-0.8508508508508508,-0.9776376592992547,0.5617500691895253
-0.8468468468468469,-0.8021169912725868,0.776281320043409
-0.8428428428428429,-0.8150862622804197,0.6194803544675658
-0.8388388388388388,-0.9362132819256864,0.6879552314398131
-0.8348348348348349,-0.5073744023089133,0.3878569364420336
-0.8308308308308308,-0.9531725017097276,0.44238208732229034
-0.8268268268268268,-0.776940624403577,0.6692445711760137
-0.8228228228228229,-1.0119181292639132,0.9360187153448094
-0.8188188188188188,-1.0111954508913636,0.5352641829146105
-0.8148148148148149,-0.6142587394460955,0.3117431310710398
-0.8108108108108107,-0.6417159703789519,0.6664526960805923
-0.8068068068068068,-0.7303450523682604,0.5856326350324362
-0.8028028028028029,-1.1817844695582564,0.714617900965595
-0.7987987987987988,-0.6704375633519362,0.41669470904835293
-0.7947947947947949,-0.9936332179265485,0.7079095883252092
-0.7907907907907907,-0.999198792071964,0.8158687153950055
-0.7867867867867868,-0.8310074229740662,1.2179236555243032
-0.7827827827827827,-0.5966462655315055,0.6986249764307638
-0.7787787787787788,-0.5121136072540464,0.30056863409919904
-0.7747747747747749,-0.6376391658466993,0.28815959522836687
-0.7707707707707707,-0.67681790323171,0.7020907847314255
-0.7667667667667668,-0.5127569997717398,0.7680832488224516
-0.7627627627627627,-0.5321721245301207,0.2476135810495152
-0.7587587587587588,-0.581851270521854,0.8174208003518982
-0.7547547547547548,-0.6712089457477168,0.558600142968522
-0.7507507507507507,-1.0483755905057655,0.5581829740376154
-0.7467467467467468,-0.8789564346991989,0.6626196308547455
-0.7427427427427427,-0.9389299833624826,0.741093307931148
-0.7387387387387387,-0.7465484254230489,0.6212503465230601
-0.7347347347347348,-0.6703526221115057,0.49591170457029027
-0.7307307307307307,-0.8857514395923671,0.7560546425422241
-0.7267267267267268,-1.0466631458147904,0.5904908490962852
-0.7227227227227226,-0.7925413839048154,0.780211172608587
-0.7187187187187187,-0.6933629895083671,0.4662583415920858
-0.7147147147147148,-0.962989522823168,0.4554621371139196
-0.7107107107107107,-0.5348677499030852,0.5506467505022613
-0.7067067067067068,-0.9166757724235818,0.4262551534357988
-0.7027027027027026,-0.451175100710771,0.8354437618651231
-0.6986986986986987,-0.710552401947776,0.3992910973614272
-0.6946946946946948,-1.0496927881721658,0.5087786757120363
-0.6906906906906907,-0.5017300507744701,0.5643128136377058
-0.6866866866866868,-0.7457140046884353,0.19960889270204962
-0.6826826826826826,-0.7744782089022413,0.4714640439555244
-0.6786786786786787,-0.8169447759762867,0.22954340268483317
-0.6746746746746748,-0.8258066231316213,0.3373932355316156
-0.6706706706706707,-0.7927380105236576,0.694551232118816
-0.6666666666666667,-0.4436902254180245,0.5904988080879809
-0.6626626626626626,-0.5255634826361466,0.7066810759440685
-0.6586586586586587,-0.40613146984970766,0.16875894911435668
-0.6546546546546548,-1.1162453827823793,0.19660711965977767
-0.6506506506506506,-1.0523291963907526,0.5438451452791383
-0.6466466466466467,-0.6882971402803847,0.4781956962950066
-0.6426426426426426,-0.5041645289870569,0.4631760272157106
-0.6386386386386387,-0.09980090153503429,0.4366013000193939
-0.6346346346346345,-0.5446578108939227,0.07569893447279447
-0.6306306306306306,-0.30262892834785426,0.7938124384650719
-0.6266266266266267,-0.8437523968616258,0.21856424499421917
-0.6226226226226226,-0.5875581191923348,0.5540897006771592
-0.6186186186186187,-1.0143352171658973,0.35355167590380804
-0.6146146146146145,-0.5304265906857463,0.15118963336836316
-0.6106106106106106,-0.918370229417073,0.51676579125129
-0.6066066066066067,-0.5935243073630276,0.19416845137385963
-0.6026026026026026,-0.32044297505969754,0.4061381855966915
-0.5985985985985987,-0.2684011920945517,0.3649037576204195
-0.5945945945945945,-0.7561813262342945,0.09841364942220948
-0.5905905905905906,-0.37455722648589174,0.3585002231657317
-0.5865865865865867,-0.8392424369464525,0.0361517464580724
-0.5825825825825826,-0.6250929274729528,0.3989735780576353
-0.5785785785785786,-0.8229943694999529,-0.03778180324101188
-0.5745745745745745,-0.8228830714585316,0.5064349709211472
-0.5705705705705706,-0.3328195908660769,0.5047023844737462
-0.5665665665665667,-0.4384954670633704,0.01895362792100469
-0.5625625625625625,-0.8251688496966889,0.21839366264136623
-0.5585585585585586,-0.8534475083953911,0.032839467843224945
-0.5545545545545545,-0.6986875486981423,0.298339874153933
-0.5505505505505506,-0.7384739366802734,0.38838173278559546
-0.5465465465465467,-0.882303801621245,0.5363798641493625
-0.5425425425425425,-0.45476572698678225,0.2620779632344025
-0.5385385385385386,-0.4045206042825652,0.3960094274255403
-0.5345345345345345,-0.42336730505261105,0.20770190099679103
-0.5305305305305306,-0.5739122994441092,0.6215499319687803
-0.5265265265265264,-0.4669235859343256,-0.043543541754275994
-0.5225225225225225,-0.4561245480633347,0.1381984287962593
-0.5185185185185186,-0.3944433039210189,0.07872896809010388
-0.5145145145145145,-0.5618829156273099,0.10308558970378412
-0.5105105105105106,-0.3958633939526602,0.35335840685691716
-0.5065065065065064,-0.4631299797169984,-0.01553114544873746
-0.5025025025025025,-0.7844410095045877,0.39023947757785615
-0.4984984984984986,-0.07210048383830042,0.3985815839874014
-0.49449449449449445,-0.9301188594660685,0.3300759616739106
-0.49049049049049054,-0.6721720592784448,0.16349262726477382
-0.4864864864864864,-0.4122049172778365,0.2077025979163449
-0.4824824824824825,-0.4366282644765336,0.03798631029185995
-0.4784784784784786,-0.40349882233509565,0.08297094716740794
-0.47447447447447444,-0.44997004595171497,0.2334365337586303
-0.4704704704704705,-0.48591667985437864,0.5083686748834244
-0.4664664664664664,-0.4593965748323138,0.06398652785968773
-0.4624624624624625,-0.6772173134714912,0.31979650523315273
-0.45845845845845856,-0.34937431296635846,0.21582575246420002
-0.4544544544544544,-0.4953857293376008,0.36399814064768377
-0.4504504504504505,-0.3700188228659006,0.46051495521517166
-0.4464464464464464,-0.25607811728766816,-0.009827639552355494
-0.44244244244244246,-0.6154768585057128,0.08161413567711598
-0.43843843843843855,-0.3979856721187982,0.05131218246077976
-0.4344344344344344,-0.4312454680202361,0.44577997518840284
-0.4304304304304305,-0.30334633120112486,-0.06301728015648639
-0.42642642642642636,-0.38114308816485576,0.2554169118979516
-0.42242242242242245,-0.5991638766918794,0.39617509491124214
-0.41841841841841854,-0.8862188967870428,0.44820429187146504
-0.4144144144144144,-0.7347708434908091,-0.11055924292810243
-0.4104104104104105,-0.3650781326489047,0.453831504268586
-0.40640640640640635,-0.7954149309714011,0.18850321914459828
-0.40240240240240244,-0.6096236406859611,0.1283837487490438
-0.3983983983983985,-0.517323103731953,-0.03305878671979279
-0.3943943943943944,-0.4807987981399647,0.18165680354583552
-0.3903903903903905,-0.16642911314733932,0.1422586530475004
-0.38638638638638634,-0.4867716165807712,0.10996356201312049
-0.3823823823823824,-0.5283764268819822,0.026397288141913763
-0.3783783783783783,-0.40432050624605725,0.22969278356085293
-0.3743743743743744,-0.4970800333045953,-0.15323947751038688
-0.37037037037037046,-0.25574772781726535,0.09680120748192295
-0.3663663663663663,-0.3951782286137294,-0.18086081003746357
-0.3623623623623624,-0.40628005360502123,-0.30684641962888415
-0.3583583583583583,-0.2516344535381948,0.2646247371322239
-0.35435435435435436,-0.3758962324314967,0.15347899569602538
-0.35035035035035045,-0.5728336980681037,-0.10102244009103276
-0.3463463463463463,-0.5425893586183039,0.14544561519888027
-0.3423423423423424,-0.17970160908327834,-0.5177190944676417
-0.33833833833833826,-0.6521832184594991,0.28759655680846546
-0.33433433433433435,-0.6126882597073533,-0.0728245629407879
-0.33033033033033044,-0.05954536376870828,0.23249600444272595
-0.3263263263263263,-0.3802527504635902,-0.1803894023813195
-0.3223223223223224,-0.12949301257170498,0.1330660572296447
-0.31831831831831825,-0.253667907012199,-0.21853692260646684
-0.31431431431431434,-0.4663990329032211,0.4413702185284709
-0.3103103103103104,-0.005656810185492911,0.058752299595224
-0.3063063063063063,-0.2546314450150746,0.26261884349922493
-0.3023023023023024,-0.2660919359224901,0.21341349320032238
-0.29829829829829824,-0.3091280184268905,-0.04855823937211322
-0.2942942942942943,-0.42049410368609336,0.3417676204514149
-0.2902902902902904,-0.353449161681295,-0.14637912139159664
-0.2862862862862863,-0.25100203972678536,-0.02954823230936514
-0.28228228228228236,-0.15632864072248293,-0.07141179910250114
-0.2782782782782782,-0.6935793761194788,0.2057552055556029
-0.2742742742742743,-0.4434678707900094,0.2172270940375432
-0.2702702702702702,-0.6790053462863971,0.610304502459627
-0.26626626626626626,-0.19530188423860662,0.19456559926925804
-0.26226226226226235,-0.4704563664284338,0.12047276997639039
-0.2582582582582582,-0.41903404685875467,-0.05335193665616515
-0.2542542542542543,-0.46020552003477244,0.19683278024786474
-0.25025025025025016,-0.40814886452330834,0.011649231532456936
-0.24624624624624625,-0.21838127741529242,-0.18944273207754583
-0.24224224224224233,-0.31473985138573657,-0.10657640974680846
-0.2382382382382382,-0.6964749579050753,-0.07215058896142063
-0.23423423423423428,-0.44251944969158286,0.04275322619431148
-0.23023023023023015,-0.6604140580538287,0.10285438551473779
-0.22622622622622623,-0.28729851491009784,0.1350111551695708
-0.22222222222222232,-0.21272971067289248,0.20098307597857504
-0.21821821821821819,-0.46611768001425635,-0.24883307992911502
-0.21421421421421427,-0.22485526138423118,0.29348828073233707
-0.21021021021021014,-0.0177754674721311,0.04356804846340418
-0.20620620620620622,-0.016881795495389484,-0.021145639672292202
-0.2022022022022023,-0.1015467306729289,-0.04004212082857549
-0.19819819819819817,-0.34469607270753255,-0.30408169178749106
-0.19419419419419426,-0.39692298373575197,0.06018514110178602
-0.19019019019019012,0.1326310576148328,0.0026862618127373727
-0.1861861861861862,-0.15848026815621036,0.03031695881432412
-0.1821821821821823,-0.29376519793738337,-0.02012581207657406
-0.17817817817817816,-0.16770847605874553,0.21204282574266126
-0.17417417417417425,-0.5806528918855509,0.044683142589566516
-0.1701701701701701,-0.06433928441046068,-0.046710780541306215
-0.1661661661661662,-0.09431510418716688,0.06032074154310523
-0.16216216216216228,-0.09794857825431223,-0.004171170701618838
-0.15815815815815815,-0.05808577912383785,0.24141438172580362
-0.15415415415415423,-0.6000060769561987,0.36522099568479754
-0.1501501501501501,-0.2253444538419517,0.11260066329895957
-0.14614614614614618,-0.18040466845067635,-0.047761950275413925
-0.14214214214214227,-0.03980598245220858,0.40417614660433976
-0.13813813813813813,-0.17894899391684493,0.08821933613823729
-0.13413413413413422,-0.2209128086865862,-0.48184556099814707
-0.13013013013013008,0.01394831076812067,-0.07426184020061341
-0.12612612612612617,0.05956106948784376,-0.13821391495929017
-0.12212212212212203,-0.03574345776957033,-0.18713867903900888
-0.11811811811811812,-0.19889458700537904,0.3861238447363828
-0.1141141141141142,-0.11143640620653941,0.27747062382099724
-0.11011011011011007,0.07081168848844865,-0.030483527451800184
-0.10610610610610616,0.11587649503934544,-0.11702035895080241
-0.10210210210210202,0.027059452090567815,-0.08430679030742398
-0.09809809809809811,-0.14334812981271533,0.08159005111129147
-0.0940940940940942,0.09461156426610678,0.021167548712646075
-0.09009009009009006,-0.13510028114996517,0.12641420895262998
-0.08608608608608614,0.06359893082390308,-0.12418738834978045
-0.08208208208208201,-0.19395550849374815,-0.04339891512180916
-0.0780780780780781,0.31764644349528615,0.2670736628841067
-0.07407407407407418,0.007644629230661781,0.166155759883974
-0.07007007007007005,-0.046210572363225996,0.1361313775230896
-0.06606606606606613,0.17013609224621118,0.03400725030766748
-0.062062062062061996,-0.39908424013599914,0.09742476349066298
-0.05805805805805808,-0.2231646266024379,0.2548122458627687
-0.05405405405405417,-0.003272741723586735,-0.12935203323006936
-0.05005005005005003,-0.026317873148500245,-0.15055171453344915
-0.04604604604604612,0.09842058178391164,-0.04378027106758018
-0.04204204204204198,0.009860804579924422,0.1268637925480475
-0.03803803803803807,-0.009100060756677686,-0.02906138410212313
-0.034034034034034155,0.34908393196899207,0.19385542377378318
-0.03003003003003002,0.11600975230978763,-0.2200483560491097
-0.026026026026026106,-0.1781206694924553,0.18489369129653171
-0.02202202202202197,-0.26444442564378245,-0.20642809502265352
-0.018018018018018056,-0.013039167499310481,-0.18176046151823866
-0.01401401401401392,0.055694704350620836,0.033900394625040235
-0.010010010010010006,0.02447899338902123,0.18473844788791557
-0.006006006006006093,-0.16590277865092912,0.21150010393126692
-0.002002002002001957,-0.4380149013749961,0.21858771880071579
0.002002002002002179,0.14061824989820276,-0.3822525418694754
0.006006006006006093,0.12356273593854777,-0.23802516390434378
0.010010010010010006,-0.12239081275274472,-0.010556986791144146
0.01401401401401392,-0.037498790169369904,-0.027664990593991034
0.018018018018017834,-0.3443996000923521,0.040312475738839545
0.022022022022022192,-0.08574487159387661,0.06761292827915577
0.026026026026026106,-0.1420739780880807,-0.42588904203384553
0.03003003003003002,-0.17643810671568005,0.2216100549746655
0.03403403403403393,-0.13643898026748663,0.013072678585663699
0.03803803803803785,0.24543676867219757,-0.13023915122285704
0.042042042042042205,0.42555668561317606,-0.22555074536065814
0.04604604604604612,0.6057394919023203,0.13957581340164735
0.05005005005005003,-0.014586946540235554,0.10794788240584727
0.054054054054053946,-0.027362966087724316,0.03389340853063613
0.05805805805805786,0.2935453050248623,0.06695021578098806
0.06206206206206222,-0.023779328977696232,0.09601063477384611
0.06606606606606613,0.296022821580449,-0.22531097643804612
0.07007007007007005,0.004145186870163117,-0.12858917446680931
0.07407407407407396,-0.16035246472786513,-0.1493146735187268
0.07807807807807787,0.1738855301772222,-0.08103356852944528
0.08208208208208223,0.11911361676901153,-0.12032039779920627
0.08608608608608614,0.33819507370397744,0.1016145749636665
0.09009009009009006,-0.03719437127806502,-0.036895868190043646
0.09409409409409397,-0.02737927766069788,-0.09511914905873017
0.09809809809809789,-0.21189194632092612,0.3387626522516984
0.10210210210210224,0.1468486273929651,-0.008865596580542432
0.10610610610610616,0.10137577296685366,0.024408232635659177
0.11011011011011007,0.21003869875927333,-0.19504852523488095
0.11411411411411398,0.4995812783072632,0.20078567166839414
0.1181181181181179,0.25777504394133266,0.04736031779918355
0.12212212212212226,0.2077698854159315,-0.17467557426389302
0.12612612612612617,-0.15064588383412592,0.41378780640209645
0.13013013013013008,-0.008402674360017626,-0.12559369863513212
0.134134134134134,0.07865209634226128,0.0511686208278454
0.1381381381381379,0.27066857529790267,0.19147348921644974
0.14214214214214227,0.10974163658764435,0.15726724423880048
0.14614614614614618,-0.07581636206831283,0.1383177545912922
0.1501501501501501,0.533664260180142,0.03750604690324098
0.154154154154154,0.06753459509721764,0.39169696347813826
0.15815815815815792,0.21352587750493227,-0.16878499311685718
0.16216216216216228,0.3662207690029383,-0.09710799539394603
0.1661661661661662,0.30824690035227464,-0.04668486270284233
0.1701701701701701,-0.11998687145933623,-0.191987987841282
0.17417417417417402,0.1677651494242327,0.1628000508134254
0.17817817817817794,0.24503356663442005,0.25634929620903846
0.1821821821821823,0.08914043539574722,0.21371330519105142
0.1861861861861862,0.27248725250835754,0.19257960205152774
0.19019019019019012,0.7199713416754111,-0.27833443834573596
0.19419419419419404,-0.03513432870629668,-0.20929970487899463
0.1981981981981984,0.1471113763726153,-0.024705965764033215
0.2022022022022023,0.6918775500345793,-0.16967243904485302
0.20620620620620622,-0.2707297243505079,0.018755006424867975
0.21021021021021014,0.014890534944691863,0.031636857807931934
0.21421421421421405,-0.0720656110220605,-0.04434405160226235
0.2182182182182184,0.07391136371467419,-0.13828456531329725
0.22222222222222232,0.06803552468433194,-0.1720515407940142
0.22622622622622623,0.47160300688462975,0.19907179397122526
0.23023023023023015,-0.051991243482482574,0.12343757147603163
0.23423423423423406,0.46186718561867346,0.19256488785519213
0.23823823823823842,0.3034419289483349,0.2987019400339076
0.24224224224224233,0.05087987413477099,0.35501649612875585
0.24624624624624625,0.3617777456651119,0.1931064100865244
0.25025025025025016,0.5153556123189249,-0.07230069123905093
0.2542542542542541,0.3293452594905373,-0.2686304101220996
0.25825825825825843,0.348600677579036,-0.11553277274882166
0.26226226226226235,0.3508319266745968,0.08625093728970022
0.26626626626626626,-0.151326988751616,0.13326904415409016
0.2702702702702702,0.40697387569897575,0.10930413258846276
0.2742742742742741,0.2390184719577778,0.21811410109265558
0.27827827827827845,0.5127457097353615,0.24726825404154723
0.28228228228228236,0.3196865150588444,0.1139433056591132
0.2862862862862863,-0.008585644064768194,0.20548697181355896
0.2902902902902902,0.27091548087016115,0.07097198113482658
0.2942942942942941,0.7192073939934955,-0.14156912623265913
0.29829829829829846,0.19419228753955228,-0.14369270394519354
0.3023023023023024,0.6482808460048662,0.168516392946765
0.3063063063063063,0.3313184149392799,0.29329146390376537
0.3103103103103102,0.49828181829176454,0.1161046043816868
0.3143143143143141,0.48332703228306445,0.20367475278303376
0.31831831831831847,0.5566831005099281,0.32392732280090897
0.3223223223223224,0.30558538055393347,0.3515829854696904
0.3263263263263263,0.3778616927466525,-0.3877875209115387
0.3303303303303302,0.3277830591305379,0.1690832002163294
0.3343343343343341,0.33016678154870854,-0.05744908473071579
0.3383383383383385,0.3025521827086624,0.19419790969961548
0.3423423423423424,0.5437307919671145,0.061396065079405884
0.3463463463463463,0.27564345918224015,-0.037689038039367906
0.3503503503503502,0.3337141058064477,0.20388127791808308
0.35435435435435414,0.6681195410082006,0.20178135302588024
0.3583583583583585,0.3362318532527506,0.09354235311481868
0.3623623623623624,0.38247533256251004,-0.26267050585249996
0.3663663663663663,0.1573923357405952,0.33270853797567235
0.37037037037037024,0.4373318413777604,0.03530575302793723
0.37437437437437415,0.13589593925407042,0.001366833075329782
0.3783783783783785,0.5390291960112092,0.5371994175802431
0.3823823823823824,0.25937697723687175,0.16259165610574752
0.38638638638638634,0.4417015505472649,0.008230580308238589
0.39039039039039025,0.3868492109544266,0.18625533331296729
0.39439439439439417,0.37636427681517964,-0.06461217727796126
0.3983983983983985,0.4359180706663493,-0.037929961643270976
0.40240240240240244,0.10893038023975138,0.0723646967639327
0.40640640640640635,0.40234889698289833,0.41000763070847723
0.41041041041041026,0.04362820993853356,-0.08394141777446631
0.4144144144144142,0.28958687089616353,0.31275591113433365
0.41841841841841854,0.30264158748585585,0.2655523639741654
0.42242242242242245,0.385329851484157,0.12781462424023254
0.42642642642642636,0.5804228134312046,0.16566938912245904
0.4304304304304303,0.38503089103700644,-0.05927285617897024
0.43443443443443464,0.1346857859819573,-0.03084876126883815
0.43843843843843855,0.3341317364348336,0.5100984698458053
0.44244244244244246,0.5392251157923217,0.171782877464838
0.4464464464464464,0.20576267682839253,0.44824345141227584
0.4504504504504503,0.7303761923815058,-0.16292293756283255
0.45445445445445465,0.43911854614828727,0.14875744828584836
0.45845845845845856,0.1467866597432786,0.173355740763797
0.4624624624624625,0.6837607690791427,0.2207325095105478
0.4664664664664664,0.5736550588476185,0.08721563343871808
0.4704704704704703,0.9032799517463888,0.06080119347242918
0.47447447447447466,0.6897793974212058,0.47098824809345696
0.4784784784784786,0.5449883233373967,0.12823225216815667
0.4824824824824825,0.612552679900106,0.10217064081545393
0.4864864864864864,0.6900264326961809,0.25931775777589405
0.4904904904904903,0.5771088011228265,0.7681109181727522
0.4944944944944947,0.3340003098714094,0.4110333913410126
0.4984984984984986,0.6578928920871379,0.36603812370861455
0.5025025025025025,0.503445963830125,0.32929832685346233
0.5065065065065064,0.6562981987153642,0.6202772705278561
0.5105105105105103,0.5748804510648436,0.2888818573782412
0.5145145145145147,0.48022037459451467,0.3923394235184934
0.5185185185185186,0.5056316876481384,0.29542064430048637
0.5225225225225225,0.5477718369939827,0.2715309492904897
0.5265265265265264,0.8156205677620261,0.05235704372910696
0.5305305305305303,0.4950612795795275,0.19132756196168077
0.5345345345345347,0.9624403256629346,0.3717033709593889
0.5385385385385386,0.414123091729502,0.43484195702502226
0.5425425425425425,0.661305422812597,0.44857668047175436
0.5465465465465464,0.3721157273102168,0.24629768511123695
0.5505505505505504,0.6087456882420279,0.13227337558796978
0.5545545545545547,0.8929083081358655,0.20447831192396365
0.5585585585585586,0.6575180027885446,0.19917750156262076
0.5625625625625625,0.33525566749895475,0.6544171080886383
0.5665665665665665,0.5646133366043207,0.5886066513412098
0.5705705705705704,0.29348396128702076,-0.014864856180132002
0.5745745745745747,0.34967520806366914,0.38149507154728035
0.5785785785785786,0.5237435150639564,0.5237725059638916
0.5825825825825826,0.7971955537798423,0.30901791940079487
0.5865865865865865,0.6853824126173944,0.6884509978310455
0.5905905905905904,0.5867162548877123,0.3999238080076649
0.5945945945945947,0.6495042738880951,0.5230240304647877
0.5985985985985987,0.5717965305156715,0.2283070451904548
0.6026026026026026,0.81054128161236,0.4868149358869882
0.6066066066066065,0.3618535097401774,0.05849791980190827
0.6106106106106104,0.3973628475187003,0.4173834449022789
0.6146146146146148,0.7112222345031248,0.5291446444106054
0.6186186186186187,0.5414202301911548,0.5323422961335351
0.6226226226226226,0.5789484290096912,0.16462353234708163
0.6266266266266265,0.7632400431563618,0.3265823451586852
0.6306306306306304,0.4340902497815088,0.47984160972435996
0.6346346346346348,0.8917178055247608,-0.01974292818553175
0.6386386386386387,0.9416203959552507,0.49993285971704055
0.6426426426426426,0.3470356321769364,0.3773247753649514
0.6466466466466465,0.621488352151409,0.34720238646132745
0.6506506506506504,0.7672622206352799,0.5146880828202856
0.6546546546546548,0.6631810692528658,0.5235385345436838
0.6586586586586587,0.9366937379794933,0.4277772287909107
0.6626626626626626,0.5629058678977269,0.13655287433143543
0.6666666666666665,0.586506411529268,0.22071674138192915
0.6706706706706704,0.49179787390479435,0.37479098447511344
0.6746746746746748,0.844650674755352,0.5008423631262385
0.6786786786786787,0.8770800709638811,0.193930019836346
0.6826826826826826,0.7013526274507974,0.6650912477134868
0.6866866866866865,0.5660391259743693,0.15298154119803198
0.6906906906906904,0.6390881990211662,0.41983512000318
0.6946946946946948,0.39039896763557275,0.7023017966396606
0.6986986986986987,0.5522019175932051,0.19014243470894304
0.7027027027027026,1.0214639806113768,-0.07588843794113498
0.7067067067067065,0.9205286926005583,0.6345867581875961
0.7107107107107109,0.1772930924339705,0.872110883348018
0.7147147147147148,1.0352002817434633,0.6959205223316223
0.7187187187187187,0.8417269697009164,0.11563476249794774
0.7227227227227226,0.7358155860631103,0.42731399597335
0.7267267267267266,0.8583840560642452,0.6014677144494666
0.7307307307307309,0.3942175134360503,0.45059593608560394
0.7347347347347348,0.7861065996136365,0.4351095820242297
0.7387387387387387,1.0082671081748371,0.6125230678383845
0.7427427427427427,0.8104294367370558,0.5614130359180534
0.7467467467467466,0.7486595519913393,0.4298642046296659
0.7507507507507509,0.6511568644694699,0.46518118312409673
0.7547547547547548,0.7064217431384278,0.9329640732701818
0.7587587587587588,0.9387811345415822,0.7578815204651668
0.7627627627627627,0.8551096539740155,0.692088269888578
0.7667667667667666,0.6954684089941222,0.15390757251169296
0.7707707707707709,0.6523717748738165,0.6951341078899324
0.7747747747747749,0.8644121021012268,0.3621449036718386
0.7787787787787788,0.7149281696500241,1.0738233907783405
0.7827827827827827,0.6702706978080814,0.6938595764700837
0.7867867867867866,0.6187328161556075,0.5608154698073292
0.790790790790791,0.9219264600872783,0.7487153934726272
0.7947947947947949,0.8324885736610308,0.8905928078094045
0.7987987987987988,0.5016322562818101,0.5259395636965489
0.8028028028028027,0.6488755229570496,0.3437780301537179
0.8068068068068066,0.7146155722077756,0.7425069043414209
0.810810810810811,0.16173082973529984,0.6716869701871715
0.8148148148148149,1.052874943205916,0.9689142248703984
0.8188188188188188,0.6655006306429814,1.2509477497360728
0.8228228228228227,1.0051558481028013,1.0008475519601998
0.8268268268268266,0.8025767897887349,0.52171802760351
0.830830830830831,0.9496398920061538,0.5036124561254747
0.8348348348348349,1.035921831125396,1.1104299368228128
0.8388388388388388,1.1882959128344404,0.8331429881786883
0.8428428428428427,0.49959604652870343,1.0367473571707484
0.8468468468468466,0.474455949131793,0.6677743079451595
0.850850850850851,0.9546521284472722,0.6044957703298666
0.8548548548548549,0.9422672937673388,0.8434109812727169
0.8588588588588588,0.9921058531459167,0.44844110431869194
0.8628628628628627,0.7986434050928555,0.9399859256811082
0.8668668668668666,0.676468695406802,0.40063888776372536
0.870870870870871,0.4057159337859351,0.7531249855220733
0.8748748748748749,0.9071528969054902,0.851168528918949
0.8788788788788788,1.2409974561486472,0.9352355549009824
0.8828828828828827,1.1161958919525217,0.4934869080769228
0.8868868868868867,1.0273751254778203,0.49916321539274827
0.890890890890891,0.5916321366791526,0.7556829234451475
0.8948948948948949,0.837883331150415,0.8443677167272314
0.8988988988988988,0.8502111104503993,1.0704058274832635
0.9029029029029028,0.6197394782378738,0.8691815651970928
0.9069069069069067,0.8125903186001024,1.2024814982008747
0.910910910910911,0.8343852584846664,1.0036972881194266
0.914914914914915,1.0498639741685212,0.6678845484978009
0.9189189189189189,1.1582702485087282,0.7197344254536449
0.9229229229229228,0.9918525233029241,0.817820894732829
0.9269269269269267,1.0434862747687714,0.9633850124291516
0.930930930930931,1.5864840892653507,1.0041430349688554
0.934934934934935,1.4183347575588767,0.7692201249626904
0.9389389389389389,0.8110444440661259,0.7565723764390648
0.9429429429429428,1.1154126862496558,0.6531309034397575
0.9469469469469471,1.0442341279438065,1.103622047253685
0.9509509509509511,0.9674711693921472,1.1600005569959755
0.954954954954955,0.9946541850937614,1.1501921220591254
0.9589589589589589,0.9205504142521745,1.0538072875433802
0.9629629629629628,0.9374823119433799,1.118596667887894
0.9669669669669672,1.5393254980618787,1.0140681901661412
0.9709709709709711,0.9767192942074446,0.8274722501645339
0.974974974974975,0.8442663979061934,0.9367627326088835
0.9789789789789789,0.9225572688000532,1.006088831743554
0.9829829829829828,1.2820804248081843,0.6870575900934381
0.9869869869869872,0.7913773063305727,1.1231845539086394
0.9909909909909911,0.8054473258231983,1.1692745428191185
0.994994994994995,0.6173284319406214,1.0121001020238647
0.9989989989989989,1.1202039159061103,1.0926966859603924
1.0030030030030028,0.9289677636231259,0.7592292043412641
1.0070070070070072,0.9378448737997029,0.8880564637061088
1.011011011011011,1.0310409215007663,1.0857004459007247
1.015015015015015,0.41687956136566484,0.9822580011920308
1.019019019019019,0.6753173063123643,0.8190594080083587
1.0230230230230228,1.358316649439954,0.9031339191088171
1.0270270270270272,0.9956938710259301,0.9581018807821581
1.031031031031031,1.1504560145442428,0.7782752753267768
1.035035035035035,0.8336540732819308,1.1508095895963342
1.039039039039039,1.2170723475367882,1.3812518438057866
1.0430430430430429,1.3238104726629174,1.3772631044891266
1.0470470470470472,1.3204330769661075,1.0582833327604502
1.0510510510510511,0.7730185786531056,1.1875358470288786
1.055055055055055,1.209606664916504,1.2036098965589832
1.059059059059059,1.2342378592650367,1.4682115517816747
1.0630630630630629,1.0673172995881315,1.3861694829276414
1.0670670670670672,0.9912428402008351,0.9995721555961917
1.0710710710710711,1.131547050455906,1.0233936712325078
1.075075075075075,0.9147299955031699,1.1296690779353167
1.079079079079079,1.1445704208641436,0.9035522380519001
1.0830830830830829,1.3356117357445176,1.4260335871959988
1.0870870870870872,1.0849365877859933,1.0518402452609774
1.0910910910910911,0.7839288105596226,1.1348140927021475
1.095095095095095,1.1515965720413959,1.194858165903806
1.099099099099099,1.0522434163416703,1.1519890503302896
1.1031031031031029,1.1142911574584364,1.2357977213819513
1.1071071071071072,1.4732810459637797,1.291006745589516
1.1111111111111112,1.1240441904607223,1.1999891891691943
1.115115115115115,1.071705190836109,0.9982442449352908
1.119119119119119,1.0978722132756413,1.0949041042688075
1.123123123123123,0.9491006842747319,0.8380784099471621
1.1271271271271273,1.1506476601575615,1.6857685319807543
1.1311311311311312,1.2650097224223948,1.3439250195082741
1.135135135135135,0.9199682480471469,0.6738265531667029
1.139139139139139,1.2597149356469153,1.5082487341149504
1.143143143143143,1.0461236324018313,1.1721511867220813
1.1471471471471473,1.5311743491110374,1.2012272434342193
1.1511511511511512,1.1929751234812085,1.4325365043244855
1.155155155155155,1.1197021110333882,1.1508346323502185
1.159159159159159,1.182000040858265,1.351387617439127
1.163163163163163,1.2631102176046942,1.4718305691945421
1.1671671671671673,1.266919294405843,1.3784924505803149
1.1711711711711712,1.0814339674629532,1.080294308406016
1.1751751751751751,1.4890705623299993,1.335831632282874
1.179179179179179,1.344852245109503,1.162971305859914
1.183183183183183,1.2791505634723972,1.4677013790642806
1.1871871871871873,1.2090876606741792,1.362266777349215
1.1911911911911912,1.3321818919051691,1.3291078417294278
1.1951951951951951,1.5370464428114288,1.1934487345867009
1.199199199199199,1.2885429373974568,1.343309448662692
1.203203203203203,1.4165330593258927,1.0499247067896877
1.2072072072072073,1.3017686929088736,1.3850382813315936
1.2112112112112112,0.7260878837623403,1.421057448494598
1.2152152152152151,1.1922853326297558,1.8200788837382533
1.219219219219219,1.2555370825510965,1.5353454407630518
1.2232232232232234,1.1740331232865182,1.3258485812344214
1.2272272272272273,1.4791207712365158,1.121044060898208
1.2312312312312312,1.1877126850196686,1.2517981831343934
1.2352352352352352,1.7772271350814868,1.7678179504185827
1.239239239239239,1.440866840496378,1.4370002406319147
1.2432432432432434,1.3806348941657636,1.2970807738215686
1.2472472472472473,1.6039745907326526,1.4976828383252665
1.2512512512512513,1.2304991617580359,1.645265749610214
1.2552552552552552,1.137285199943684,1.8471381159421472
1.259259259259259,1.3697338140012505,1.6636375524863232
1.2632632632632634,1.1943742397550217,1.6091347833296326
1.2672672672672673,1.4987032371337232,1.887329526138116
1.2712712712712713,1.0362577972229725,1.9563387045156757
1.2752752752752752,1.1823256697471471,1.2699932151091322
1.279279279279279,1.4211732400177524,1.7030479947183035
1.2832832832832834,1.2743453030479615,1.7875148576110926
1.2872872872872874,0.9651060832900394,1.881489269757612
1.2912912912912913,1.2167885866145838,1.8631108195834287
1.2952952952952952,1.1908618022897581,1.740716810992407
1.299299299299299,1.216667976456602,1.838807872859963
1.3033033033033035,1.2595752796914383,1.5645148697711433
1.3073073073073074,1.5688039789271226,1.8471655497568522
1.3113113113113113,1.1393112868975768,1.8854649199778364
1.3153153153153152,1.0990865411324648,1.6471986439589434
1.3193193193193191,1.1828344362262004,1.7958176346588202
1.3233233233233235,1.5991846411040191,1.5800223980815513
1.3273273273273274,1.2509099447792917,0.9405535507984302
1.3313313313313313,1.1626013560804167,2.157542180161392
1.3353353353353352,1.757091746345787,1.574951735754913
1.3393393393393391,1.1739949418169608,1.5963564229054064
1.3433433433433435,1.2201204077977308,1.9315234373731178
1.3473473473473474,1.257694619850036,1.8073009272985108
1.3513513513513513,1.3199231159779354,2.062056988977407
1.3553553553553552,1.253426150729021,1.6238141889165345
1.3593593593593591,1.0574139892804002,1.6705060988449094
1.3633633633633635,1.6908392063466926,1.9119185107656307
1.3673673673673674,1.3779483672185373,1.8324880705433781
1.3713713713713713,1.4019068143202222,2.095201941629729
1.3753753753753752,1.2088244329142568,2.237850187656295
1.3793793793793792,1.2583231368207775,1.7305626957448483
1.3833833833833835,1.046635796672392,2.208366031695913
1.3873873873873874,1.3967263882963337,1.7499780704267829
1.3913913913913913,1.3871676586957264,1.4039078182730602
1.3953953953953953,1.5108617670058473,1.9242038337582308
1.3993993993993992,1.2339789665204022,1.903006021875178
1.4034034034034035,1.1133664310037557,2.0108998731066827
1.4074074074074074,1.6118450267405477,1.860231134068701
1.4114114114114114,1.319442573751734,2.063052003395299
1.4154154154154153,1.3781342483542085,1.9499845822822321
1.4194194194194192,1.2228385020754131,2.1708762238076558
1.4234234234234235,1.409305778363231,2.0979013826814024
1.4274274274274275,1.7411108599776748,1.8484476658732187
1.4314314314314314,0.9980458272645877,1.942006700832759
1.4354354354354353,1.4512662079972842,2.363530346463967
1.4394394394394392,1.4406079603770032,1.9737521441045347
1.4434434434434436,1.4891468736562798,1.9829323432443324
1.4474474474474475,1.3048914630086748,2.2632250690577087
1.4514514514514514,1.645226078490488,2.0750623832137878
1.4554554554554553,1.4477060492749187,2.3005532189159124
1.4594594594594597,1.6088680021997606,1.9142509046624185
1.4634634634634636,1.290169930399954,1.9651953482484366
1.4674674674674675,1.3934461152609527,2.179150610775739
1.4714714714714714,1.670503214208909,1.691120914812529
1.4754754754754753,1.5684430950329802,2.346878823910853
1.4794794794794797,1.3691656175124185,2.201096193346147
1.4834834834834836,1.0647307529459935,2.0780485141950678
1.4874874874874875,1.6383317803201616,2.108342381382642
1.4914914914914914,1.6120548521948261,1.8368124981788008
1.4954954954954953,1.6115473631834383,2.146690083364464
1.4994994994994997,1.719426821295913,2.228136716993655
1.5035035035035036,1.8514540359601204,2.2017107896716848
1.5075075075075075,1.1142664103362168,2.395473418034075
1.5115115115115114,1.9057482275894306,1.999463092977017
1.5155155155155153,1.6302498770905047,2.0539787795084763
1.5195195195195197,1.7600855667646678,2.262071261245971
1.5235235235235236,1.6895289466234604,1.7991461924241623
1.5275275275275275,1.3588573711880043,2.5259161755238217
1.5315315315315314,1.3598006276420664,2.2113594165682477
1.5355355355355353,1.6121918822436343,2.4397832500573835
1.5395395395395397,1.0908880821566083,2.3937197625409583
1.5435435435435436,1.719195533235349,2.2573274006500346
1.5475475475475475,1.3901119036469165,2.3583193954169213
1.5515515515515514,1.1426004721858445,2.378597141044597
1.5555555555555554,1.9775175253637387,2.3358777066871217
1.5595595595595597,1.502318836533536,2.731032134015533
1.5635635635635636,1.2283140038614722,2.5809190327756495
1.5675675675675675,1.441187045804486,2.8528326193408073
1.5715715715715715,1.3815534347847804,2.7870801586249923
1.5755755755755754,1.6690893630827077,2.3094980827099465
1.5795795795795797,1.710536533259818,2.666800993460234
1.5835835835835836,1.6039962981907527,2.3359072358793975
1.5875875875875876,1.8751400309412172,2.7515938808244225
1.5915915915915915,1.3846789590615893,2.9245145405241306
1.5955955955955954,1.560450487631279,2.727129818700767
1.5995995995995997,1.6403122495074327,2.516014120421984
1.6036036036036037,1.6904652185859361,2.555517992023867
1.6076076076076076,1.767538082110761,2.8950026900592194
1.6116116116116115,1.3459599895339904,2.462165399470164
1.6156156156156154,1.0709414804855677,2.606432141834445
1.6196196196196198,1.7306226788439196,3.427297835240804
1.6236236236236237,1.6919036192783319,2.6099314918124805
1.6276276276276276,1.741036877627574,2.4642516691646668
1.6316316316316315,1.7857967416196383,2.1171891928675106
1.6356356356356354,1.7341556069167645,2.768991119446394
1.6396396396396398,1.168785644052902,2.7268360982490276
1.6436436436436437,1.2311516499168544,2.756380916056375
1.6476476476476476,1.2085531999844499,2.384256689973159
1.6516516516516515,1.6189157075919278,2.6445550277648753
1.6556556556556554,1.1721157444056909,3.1343038110056662
1.6596596596596598,1.4665307772349263,2.6728170745518858
1.6636636636636637,1.8661883686886094,2.5091539572680843
1.6676676676676676,1.8104867722341806,2.4342857300840794
1.6716716716716715,1.913422309795016,2.7034371450078143
1.6756756756756754,1.6321380683679083,2.608391360010596
1.6796796796796798,1.2768876552614619,2.931448684160214
1.6836836836836837,1.6675461123985558,3.039899456378891
1.6876876876876876,1.8607647035487422,2.571794995457618
1.6916916916916915,1.1900355359242307,2.8140782445741213
1.6956956956956954,1.6764644260820105,2.875704624364294
1.6996996996996998,1.7035516259488814,2.960135494251525
1.7037037037037037,1.5579071257231245,2.4180498794894314
1.7077077077077076,1.7762854617389006,2.9984210649846577
1.7117117117117115,1.4790556308434155,3.0354999160507736
1.7157157157157155,1.3759702374970364,3.072701259861246
1.7197197197197198,1.9280458626442503,2.837553245659032
1.7237237237237237,1.634899079336446,3.232561340986146
1.7277277277277276,1.9903094668806511,2.802165750037404
1.7317317317317316,1.9766028742961483,2.9608052113129246
1.735735735735736,1.6937662253105903,3.0099967792222784
1.7397397397397398,2.2086712972449822,3.028578129253255
1.7437437437437437,1.6556393799957698,3.1620460308880127
1.7477477477477477,1.8126570115377518,3.1083222472210292
1.7517517517517516,2.096039581282546,3.0434884506653157
1.755755755755756,2.1515796313269195,3.441860072682919
1.7597597597597598,1.7759668453077864,2.7967460381061384
1.7637637637637638,1.7791191475574142,2.835906696222835
1.7677677677677677,1.7492802282236244,3.293446592724785
1.7717717717717716,1.6972956380718363,3.2393028862672404
1.775775775775776,1.752666216221055,3.0082402325878714
1.7797797797797799,1.7029360243936154,3.2666751911520913
1.7837837837837838,1.8953217814498136,3.4852779971100776
1.7877877877877877,1.6014834965086346,3.284803872148994
1.7917917917917916,1.772802881277426,3.426986907398412
1.795795795795796,1.6208159100769797,3.0918289031362653
1.7997997997997999,1.5710566776164274,2.821821115098966
1.8038038038038038,2.0215732168763223,3.214793598049322
1.8078078078078077,1.4637776806518752,3.46833831778007
1.8118118118118116,1.8174358177814647,3.010499486398576
1.815815815815816,2.0359001421070086,3.214488590396757
1.8198198198198199,1.866446879609657,3.3818867006512088
1.8238238238238238,2.2253960056385695,3.087967095882534
1.8278278278278277,1.7864192558385024,3.0424612374287032
1.8318318318318316,1.596906667155264,3.1845771162505816
1.835835835835836,1.800596346537819,3.503124736868019
1.83983983983984,1.8958611257344868,3.531818971751766
1.8438438438438438,2.2074066708537763,3.431223986346439
1.8478478478478477,1.8150815590721874,3.38059840437123
1.8518518518518516,1.8688150240495043,3.2877613283742315
1.855855855855856,1.5424137286772,3.482912153760405
1.85985985985986,1.5521984657501102,3.295200901871059
1.8638638638638638,1.943757458898752,3.307691748272134
1.8678678678678677,2.0375602547519414,3.6752087957852746
1.8718718718718717,1.7003649676985044,3.530484457450686
1.875875875875876,1.766725668125941,3.6941798312956786
1.87987987987988,1.7724585560140833,3.9282637178848083
1.8838838838838838,1.600637320177,3.6386736921256526
1.8878878878878878,2.031885970263352,3.947137487699754
1.8918918918918917,1.7509872200248278,3.459845297890755
1.895895895895896,1.8141668261763453,3.5919582512506647
1.8998998998999,1.8281793125406858,3.4349378671509845
1.9039039039039038,1.8956437363694982,3.5545409743451293
1.9079079079079078,1.993605491430565,3.4038778354118917
1.9119119119119117,1.7037823440738369,3.8897953729182304
1.915915915915916,1.99814531728611,3.762871522835516
1.91991991991992,1.7573337117130419,3.7106724545197354
1.9239239239239239,1.4777158941275825,3.758540942493909
1.9279279279279278,1.6602839000187404,3.7992745895101447
1.9319319319319317,1.7617241375765096,3.754271115719007
1.935935935935936,1.953213335732058,3.5788147903150636
1.93993993993994,2.1133616803723148,3.496931357285511
1.9439439439439439,2.291526322116588,3.575212635730881
1.9479479479479478,2.045519675030244,3.944086267732447
1.9519519519519517,1.6359885710177255,3.4202832076260554
1.955955955955956,1.6991660520823362,3.908542658358812
1.95995995995996,1.9562001726109317,3.950905634139942
1.9639639639639639,2.1187458019599332,4.168583271473294
1.9679679679679678,1.8361940669298134,3.9060596813631108
1.9719719719719722,2.1780066235202318,4.1345234816428125
1.975975975975976,2.4664654363529905,3.897248096437235
1.97997997997998,1.3724812497967607,4.200114292482169
1.983983983983984,1.9678448768939105,3.9252073790725652
1.9879879879879878,2.1958724664404445,3.941588578772392
1.9919919919919922,1.8671460712922905,4.144898632028078
1.995995995995996,2.0441827142556086,3.9308733464727132
2.0,2.0280067496741303,3.976825876420479
